Store ID,Store Name,Location,Phone Number,Email,Website,Latitude,Longitude
1,Castillo PLC,"73269 Allen Extension Apt. 688
South Rebeccamouth, CT 99547",6273327631,castillo_plc@example.com,http://castillo-plc.com,-79.84403578,88.43044062
2,Thomas Group,"1042 Melissa Pass
Jacksonborough, HI 33141",2443018047,thomas_group@example.com,http://thomas-group.com,25.77719488,108.6470806
3,"Kennedy, Roberson and Scott","77483 Darryl Expressway
Lake Monique, IL 97333",6410675715,kennedy_roberson_and_scott@example.com,"http://kennedy,-roberson-and-scott.com",30.61839589,5.015741434
4,Gonzalez Inc,"50512 Scott Drive Suite 491
South Stacey, TX 91354",8152672099,gonzalez_inc@example.com,http://gonzalez-inc.com,-28.56475854,-95.84771947
5,Blackwell-Morrison,"3658 James Burg Suite 491
Nguyenland, VI 58614",4328141521,blackwell-morrison@example.com,http://blackwell-morrison.com,-33.68626794,-113.2636
6,Murphy-Williamson,"69262 Caldwell Trafficway Suite 104
North Markburgh, MO 07116",6438260971,murphy-williamson@example.com,http://murphy-williamson.com,19.93019249,-85.15218693
7,Rhodes-Nguyen,"758 Charles Shoals Apt. 155
Manuelberg, VI 96038",6550500002,rhodes-nguyen@example.com,http://rhodes-nguyen.com,21.28553541,-28.25814303
8,Estrada-Leblanc,"1973 Ewing Drives
Hicksborough, FM 07468",4368105587,estrada-leblanc@example.com,http://estrada-leblanc.com,-65.75221215,28.99788835
9,"Lopez, Thomas and Farrell","02898 Porter Canyon Apt. 676
Lake Alexanderborough, WA 41343",2107405616,lopez_thomas_and_farrell@example.com,"http://lopez,-thomas-and-farrell.com",-30.73832944,3.444686369
10,"Bennett, Aguirre and Walker","922 Daniel Parkways
East Territown, ND 31611",9859346009,bennett_aguirre_and_walker@example.com,"http://bennett,-aguirre-and-walker.com",-64.67941404,58.89542925
11,Perry-Nelson,"422 Davidson Glen Suite 893
Stonestad, IA 36850",6851402975,perry-nelson@example.com,http://perry-nelson.com,-72.71527808,-107.2143149
12,Hughes Ltd,"5853 Stephanie Roads Apt. 085
Shermanfurt, NE 31449",2658479988,hughes_ltd@example.com,http://hughes-ltd.com,-39.57602822,-151.5752386
13,Wu and Sons,"Unit 0751 Box 5088
DPO AA 78526",3147825095,wu_and_sons@example.com,http://wu-and-sons.com,-42.0979045,-162.6915394
14,Hoffman LLC,"2092 Ernest Court
Lake Amy, AZ 34448",3440876998,hoffman_llc@example.com,http://hoffman-llc.com,-61.22613508,-48.35403732
15,Hampton and Sons,"7867 Hopkins Valleys Apt. 374
South Dana, AK 68941",9414570809,hampton_and_sons@example.com,http://hampton-and-sons.com,-65.74936537,29.00925126
16,Chase-Kennedy,"52539 Morgan Common
West Samanthashire, NJ 83100",9663254229,chase-kennedy@example.com,http://chase-kennedy.com,81.67750689,-162.5539972
17,Miller-Taylor,"711 Karen Stravenue
West Leroychester, OR 47571",3006277750,miller-taylor@example.com,http://miller-taylor.com,-60.68486221,-173.2579231
18,Jordan LLC,"56267 Sarah Rapids Apt. 091
Hernandezfort, AR 73016",1166158675,jordan_llc@example.com,http://jordan-llc.com,-5.450177223,64.75170233
19,"Davis, Smith and Turner","2141 Rodriguez Mission Apt. 902
Kimberlyville, OK 12860",4188035329,davis_smith_and_turner@example.com,"http://davis,-smith-and-turner.com",-60.34042574,-84.77624954
20,Wood Inc,"2707 Michael Mountains
Lake Kimberlyborough, MS 82331",3568559172,wood_inc@example.com,http://wood-inc.com,0.891454802,-113.2847902
21,Anderson Ltd,"693 John Garden Apt. 969
Phillipsmouth, OK 99852",2402325493,anderson_ltd@example.com,http://anderson-ltd.com,-17.17776384,8.017989349
22,Gonzales Ltd,"79981 Parks Island
South Charlene, WI 55499",8552055464,gonzales_ltd@example.com,http://gonzales-ltd.com,19.41715448,-65.32758782
23,Gaines LLC,"78873 Linda Ways Suite 674
West Katherine, DE 04469",3976508606,gaines_llc@example.com,http://gaines-llc.com,22.84130093,-33.85937363
24,"Day, Huber and Parsons","827 Cindy Mount Apt. 632
New Petershire, AR 33816",4085537294,day_huber_and_parsons@example.com,"http://day,-huber-and-parsons.com",0.144376258,35.26103193
25,Ellis-Williams,"2767 Bennett Branch
Christopherport, NM 95267",4048181860,ellis-williams@example.com,http://ellis-williams.com,45.94929561,44.20183823
26,Johnson-Powers,"975 Ruben Avenue Suite 188
Danielhaven, OR 65125",1387004956,johnson-powers@example.com,http://johnson-powers.com,-72.88716931,-74.23465541
27,"Howard, Oliver and Cordova","435 Davidson Prairie Suite 545
Lake Jasminefort, TN 25151",6736278490,howard_oliver_and_cordova@example.com,"http://howard,-oliver-and-cordova.com",-8.23400905,-13.36254315
28,Johnson and Sons,"7685 Valerie River
Dawsonmouth, AK 41101",4450085479,johnson_and_sons@example.com,http://johnson-and-sons.com,-39.17828624,169.655988
29,"Rodriguez, Kaufman and Vazquez","3863 Natalie Roads
Lake Jeffrey, NY 41442",5669245834,rodriguez_kaufman_and_vazquez@example.com,"http://rodriguez,-kaufman-and-vazquez.com",-52.07663369,-79.98486598
30,Martinez Inc,"3606 Marcus Summit Apt. 272
South Kevin, WA 29081",5691217644,martinez_inc@example.com,http://martinez-inc.com,-36.63677782,-108.0287842
31,Brown-Johnson,"578 Denise Manor Suite 690
New Karenfurt, OK 79130",1889116645,brown-johnson@example.com,http://brown-johnson.com,82.60562134,92.15140934
32,Henderson-Mccarty,"Unit 2539 Box 5441
DPO AP 51461",5151384284,henderson-mccarty@example.com,http://henderson-mccarty.com,15.44736415,57.57892157
33,Simpson LLC,"34456 Murray Station Suite 330
South Jason, CO 40682",5383892445,simpson_llc@example.com,http://simpson-llc.com,45.98002359,79.56091044
34,Lawrence Ltd,"44752 Wu Street Apt. 286
West Maryton, WY 24087",7078482384,lawrence_ltd@example.com,http://lawrence-ltd.com,79.31749125,103.1998821
35,"Ward, Myers and Lewis","1107 Edgar Rest
Kristyport, MP 19263",3502858796,ward_myers_and_lewis@example.com,"http://ward,-myers-and-lewis.com",57.63310519,-129.4653049
36,Johnson-Barnett,"911 Lori Ridge
Geraldbury, AK 54132",2298318701,johnson-barnett@example.com,http://johnson-barnett.com,-42.34206544,-169.3262242
37,Massey LLC,"856 Robinson Trail Apt. 226
West Ian, RI 58489",1649297328,massey_llc@example.com,http://massey-llc.com,-67.37989488,61.99283653
38,Chapman PLC,"420 Tamara Mountain
Cherylburgh, AK 33235",9038214659,chapman_plc@example.com,http://chapman-plc.com,-64.92039946,-51.05816951
39,Boyd PLC,"328 Donald Expressway Suite 856
Port Patrickbury, VT 41317",2214198421,boyd_plc@example.com,http://boyd-plc.com,-62.81687851,94.77773139
40,Morales LLC,"61639 Olsen Spring Apt. 187
South Rebecca, RI 36965",1771072511,morales_llc@example.com,http://morales-llc.com,-0.70790183,-48.6683246
41,Bush-Martin,"4636 Ibarra Crossing Suite 179
East Samantha, MO 97143",4739900683,bush-martin@example.com,http://bush-martin.com,56.98989122,8.091632896
42,"Williams, Farley and Smith","52646 Colon Way
East Matthew, IN 73350",5771051681,williams_farley_and_smith@example.com,"http://williams,-farley-and-smith.com",18.94265258,113.0533277
43,Webb PLC,"66434 Ritter Station Suite 442
North Kevinfurt, UT 93084",2391393727,webb_plc@example.com,http://webb-plc.com,-5.890366962,-103.8370001
44,"Coleman, Hall and Lara","536 Rachel Canyon Suite 030
East Mary, VA 66846",4176593524,coleman_hall_and_lara@example.com,"http://coleman,-hall-and-lara.com",-7.631936798,39.0580726
45,Flores Group,"9708 Nicholas Lake Apt. 035
Tamaraton, DC 22489",1686112364,flores_group@example.com,http://flores-group.com,-58.51942538,-103.6870058
46,"Cortez, Williams and Kelly","234 Lynn Point Suite 844
Torresview, MI 89602",2273321863,cortez_williams_and_kelly@example.com,"http://cortez,-williams-and-kelly.com",-47.23672186,-10.10298087
47,"Savage, Adams and Hill","57201 Riley Isle Suite 607
West David, AS 27118",6878656075,savage_adams_and_hill@example.com,"http://savage,-adams-and-hill.com",-55.64068714,-164.4785044
48,Robinson Inc,"PSC 5875, Box 4675
APO AP 12902",3651698311,robinson_inc@example.com,http://robinson-inc.com,-37.3407681,44.36009595
49,Mcbride-Petersen,"973 Ashley Dam Suite 001
North Ericton, NJ 69254",2527738388,mcbride-petersen@example.com,http://mcbride-petersen.com,31.24120659,-119.8242411
50,"Jenkins, Arnold and Davis","0504 Cross Crest
North John, PR 56984",2700466373,jenkins_arnold_and_davis@example.com,"http://jenkins,-arnold-and-davis.com",-21.98389712,-26.93750184
51,"Nunez, Vasquez and Baker","4640 Rowe Roads Apt. 812
West Kevinmouth, OR 21214",9156709298,nunez_vasquez_and_baker@example.com,"http://nunez,-vasquez-and-baker.com",-64.70301138,-112.846904
52,Ochoa Inc,"35532 Robert Burgs Apt. 496
Loganborough, PR 89393",9543517024,ochoa_inc@example.com,http://ochoa-inc.com,60.3202409,82.45877997
53,Flynn-Ford,"878 Delgado Drive
Bookerport, AK 43870",1138318482,flynn-ford@example.com,http://flynn-ford.com,26.11513857,-44.89537543
54,Pearson-Hurst,"034 Berry Orchard Apt. 417
Hoburgh, MT 53848",3535510606,pearson-hurst@example.com,http://pearson-hurst.com,65.47007911,-27.24016588
55,"Hernandez, Jenkins and Horn","801 Crystal Motorway Apt. 984
Josephland, PW 87284",1786446069,hernandez_jenkins_and_horn@example.com,"http://hernandez,-jenkins-and-horn.com",-48.88388118,-94.91624
56,Butler-Rodriguez,"088 Reid Pike
South Shawnview, KY 67440",3322868349,butler-rodriguez@example.com,http://butler-rodriguez.com,-22.02663694,-17.83528428
57,Rodriguez PLC,"5256 Timothy Ports
Dustinland, CT 14264",4212322612,rodriguez_plc@example.com,http://rodriguez-plc.com,-66.814649,163.0732662
58,"White, Parks and Contreras","691 Michelle Heights
Colonburgh, WV 24385",2264573301,white_parks_and_contreras@example.com,"http://white,-parks-and-contreras.com",9.567649714,124.3167988
59,"Garcia, Reyes and Freeman","96350 Thomas Locks Suite 945
Port Charles, ME 32750",7564971197,garcia_reyes_and_freeman@example.com,"http://garcia,-reyes-and-freeman.com",-27.20274509,-22.66512009
60,Clay PLC,"USS Johnson
FPO AA 38004",6079588758,clay_plc@example.com,http://clay-plc.com,-62.99203643,-1.348341491
61,"Howell, Davis and Bowen","267 Jimenez Street
Butlerstad, GU 41033",8987210116,howell_davis_and_bowen@example.com,"http://howell,-davis-and-bowen.com",37.66501122,17.00857412
62,Lee Inc,"4502 Stewart Extension
Bentleyfurt, KS 04378",4627540667,lee_inc@example.com,http://lee-inc.com,-62.44318831,16.12727062
63,Martin Ltd,"9128 Hall Forest Suite 842
Wrightmouth, VA 59684",5379147139,martin_ltd@example.com,http://martin-ltd.com,67.76299293,63.33111163
64,"Jarvis, Johnson and Molina","565 Lee Way
Jeffreyport, AK 89512",7398022262,jarvis_johnson_and_molina@example.com,"http://jarvis,-johnson-and-molina.com",-58.410111,160.0967079
65,"Kelly, Henry and Hinton","8850 Ray Cape Apt. 061
Shepherdberg, MP 44586",3739972489,kelly_henry_and_hinton@example.com,"http://kelly,-henry-and-hinton.com",-51.3448465,73.37284595
66,Pope Group,"2091 Harris Valley Apt. 205
West Andrewshire, MA 62147",3274678119,pope_group@example.com,http://pope-group.com,-85.71958652,51.46057782
67,Elliott-Boyd,"98454 Vargas Motorway
Port Jane, WV 21271",6839341413,elliott-boyd@example.com,http://elliott-boyd.com,-12.61595782,-111.8695023
68,Saunders LLC,"009 Sabrina Plains
Sanchezland, OR 06817",4313099772,saunders_llc@example.com,http://saunders-llc.com,23.4728145,-105.8740087
69,Smith Ltd,"50642 Ellen Expressway Suite 672
South Tonyahaven, NJ 14753",1225387492,smith_ltd@example.com,http://smith-ltd.com,-15.97613107,95.88241479
70,Harris Inc,"6615 Wendy Harbors Apt. 834
Port Gabriellaberg, MA 12518",1394573460,harris_inc@example.com,http://harris-inc.com,58.57375907,-160.7687589
71,"Coleman, Medina and Evans","188 Thompson Station Apt. 767
Griffithburgh, FM 41121",2073073737,coleman_medina_and_evans@example.com,"http://coleman,-medina-and-evans.com",-88.9311445,167.3577671
72,Singleton-Moses,"8009 Jeffery Port
East Angela, MN 43034",4170885810,singleton-moses@example.com,http://singleton-moses.com,8.575631949,128.2064925
73,"Griffin, Brown and Curtis","648 Frank Creek
Lake Christina, WY 45006",4904289985,griffin_brown_and_curtis@example.com,"http://griffin,-brown-and-curtis.com",-53.19235553,-20.97106279
74,Mcmillan-Keller,"Unit 5728 Box 0875
DPO AE 47999",3064263571,mcmillan-keller@example.com,http://mcmillan-keller.com,39.95281222,-56.66452148
75,Harding LLC,"505 Lori Unions
Georgeborough, VT 16099",1951405316,harding_llc@example.com,http://harding-llc.com,-47.4789931,-46.04947443
76,Schmitt LLC,"USNS Hendricks
FPO AE 03722",8546415135,schmitt_llc@example.com,http://schmitt-llc.com,-63.00250815,-131.1584254
77,Perez-Johnson,"28596 Castillo Crescent Apt. 080
Blackhaven, MP 16884",6771194354,perez-johnson@example.com,http://perez-johnson.com,57.28068624,-39.88405725
78,Wright LLC,"562 Cynthia Square Suite 321
Kennethfort, MN 97215",2966723977,wright_llc@example.com,http://wright-llc.com,12.79118348,-172.192828
79,Lozano Inc,"8450 Moreno Underpass
Jamesville, GA 87446",1765183905,lozano_inc@example.com,http://lozano-inc.com,45.15994285,-39.02334104
80,Ford-Smith,"5463 James Avenue
Ronaldberg, CT 38866",7998178996,ford-smith@example.com,http://ford-smith.com,75.41745114,-61.75081882
81,Allen LLC,"27516 Thomas Mount
Lake Tylerberg, HI 45618",2220123286,allen_llc@example.com,http://allen-llc.com,-69.66023638,-150.9101274
82,Smith and Sons,"26252 Bruce River
New Ashley, DE 79824",5135650702,smith_and_sons@example.com,http://smith-and-sons.com,-47.03185999,-61.04649731
83,Odom Inc,"9235 Andersen Squares Apt. 936
Jamesmouth, AR 76282",5889342147,odom_inc@example.com,http://odom-inc.com,17.48012603,38.63477321
84,Jacobs-Ayala,"72893 Robert Square
East Robert, TN 30439",8293095362,jacobs-ayala@example.com,http://jacobs-ayala.com,47.46357746,-90.24639129
85,Armstrong-Young,"5860 Contreras Springs
Andresshire, MP 43902",4977296930,armstrong-young@example.com,http://armstrong-young.com,2.001845806,-128.1911457
86,Adams and Sons,"37783 Baker Valleys
Lake David, SC 32802",7923697800,adams_and_sons@example.com,http://adams-and-sons.com,-69.35917527,-32.56663944
87,Barnes-Jordan,"750 Acosta Lane
Elaineland, MP 58112",1281055428,barnes-jordan@example.com,http://barnes-jordan.com,8.249943819,107.1278693
88,Santos-Miller,"18644 Alex Points
Lake Ethanchester, GU 79732",6498289606,santos-miller@example.com,http://santos-miller.com,72.16797697,149.7986046
89,Solis Ltd,"335 Coleman Glen Suite 517
Hansenfurt, IL 09681",6272293539,solis_ltd@example.com,http://solis-ltd.com,-16.98124607,-149.2859699
90,"Brock, Savage and Martinez","32818 Shaw Court
Maryton, OH 72278",9873295926,brock_savage_and_martinez@example.com,"http://brock,-savage-and-martinez.com",-23.81673287,-9.767318115
91,Smith-Ingram,"2703 Maria Viaduct Suite 263
North Alexis, AZ 17118",7411460915,smith-ingram@example.com,http://smith-ingram.com,-31.81321836,-22.51624827
92,Richardson Ltd,"592 Sullivan Stream Suite 761
Danielmouth, RI 67761",1488375051,richardson_ltd@example.com,http://richardson-ltd.com,64.30189807,-79.18378185
93,"Williams, Singh and Perez","053 Miguel Wall Apt. 338
Nelsonstad, TN 76031",4510922844,williams_singh_and_perez@example.com,"http://williams,-singh-and-perez.com",79.91150301,-67.04979081
94,"Long, Dean and Curtis","081 Patricia Knoll Apt. 134
Millerland, MN 31567",4083562834,long_dean_and_curtis@example.com,"http://long,-dean-and-curtis.com",10.67962758,-49.08812843
95,Gibson and Sons,"49830 Cindy Village Suite 809
Ortegaville, WY 59748",3848283923,gibson_and_sons@example.com,http://gibson-and-sons.com,-1.669037694,-102.7665207
96,"Berger, Bailey and Williams","653 Kelly Knolls
East Anneborough, AK 18940",1351087861,berger_bailey_and_williams@example.com,"http://berger,-bailey-and-williams.com",-44.43262571,-161.1793618
97,Pham-Gomez,"74570 Kim Flat Suite 987
Allisonville, VA 42872",8242528520,pham-gomez@example.com,http://pham-gomez.com,30.65322936,-13.42370929
98,Gonzalez-Warren,"Unit 9825 Box 6193
DPO AE 07194",1250727327,gonzalez-warren@example.com,http://gonzalez-warren.com,84.42434762,-131.3220512
99,Carroll-Flores,"93600 Wilson Summit
Morganburgh, AZ 35655",4352049625,carroll-flores@example.com,http://carroll-flores.com,-82.57071879,-29.90708124
100,"Johnson, Deleon and Moran","40708 Small Hills
Adamsberg, IA 60901",1567033278,johnson_deleon_and_moran@example.com,"http://johnson,-deleon-and-moran.com",-28.37708348,41.56181164
101,Meadows-Hernandez,"526 Brooks Station
Holmesside, PR 41981",5121889551,meadows-hernandez@example.com,http://meadows-hernandez.com,82.57887633,-110.3228331
102,"Lucas, Taylor and Anderson","87881 Morgan Crescent
East Rebeccamouth, VI 66550",4415304426,lucas_taylor_and_anderson@example.com,"http://lucas,-taylor-and-anderson.com",4.412178121,61.79296533
103,"Potter, Peterson and Reynolds","USCGC Bryan
FPO AA 97460",4844846948,potter_peterson_and_reynolds@example.com,"http://potter,-peterson-and-reynolds.com",27.61700436,-92.50539735
104,Garcia Group,"8296 Samantha Vista
Lake Nataliehaven, NC 24138",2956959014,garcia_group@example.com,http://garcia-group.com,46.68299673,-49.47846524
105,Vaughan Ltd,"3890 Grant Rapids Apt. 002
South Natalie, NY 49559",8860362350,vaughan_ltd@example.com,http://vaughan-ltd.com,-44.25198609,-28.60824504
106,Green and Sons,"29525 Jeffrey Stravenue Apt. 721
East Shawnfort, PA 71999",8478131333,green_and_sons@example.com,http://green-and-sons.com,87.92709165,-104.1045471
107,Lopez-Gray,"661 Jones Neck Apt. 639
Kellyborough, IN 63759",8917854606,lopez-gray@example.com,http://lopez-gray.com,45.7091336,161.1566117
108,Best-Mcdonald,"1176 Gilbert Drive
West Robertfurt, NE 61376",8994414706,best-mcdonald@example.com,http://best-mcdonald.com,78.11902567,75.81135397
109,"Martin, Sullivan and Webster","967 Dorothy Landing
Ginahaven, NE 26014",1227687892,martin_sullivan_and_webster@example.com,"http://martin,-sullivan-and-webster.com",71.08509575,128.7002665
110,Key PLC,"1709 Natalie Underpass
East Annette, MN 33322",7006704781,key_plc@example.com,http://key-plc.com,72.52764068,82.12152552
111,Anthony Group,"88736 Gonzalez Dam Apt. 508
New Cassandraborough, MS 11673",5443280251,anthony_group@example.com,http://anthony-group.com,-62.62407211,155.2570729
112,"Hall, Richards and Johnson","5759 Clark Stravenue Suite 317
Stephaniechester, RI 44621",4865592010,hall_richards_and_johnson@example.com,"http://hall,-richards-and-johnson.com",-58.17026527,9.611069487
113,Johnson-Strong,"676 Megan Ports Apt. 818
Vasquezhaven, NM 29542",8696398681,johnson-strong@example.com,http://johnson-strong.com,-69.86865597,-5.970603786
114,"Bartlett, Lee and Taylor","000 Green Ford
North Kenneth, NY 14407",4067672407,bartlett_lee_and_taylor@example.com,"http://bartlett,-lee-and-taylor.com",68.42961681,66.30313696
115,Faulkner-Johnson,"000 Justin Fords Apt. 002
Ryanfort, TX 17476",1136311161,faulkner-johnson@example.com,http://faulkner-johnson.com,-86.70789042,-16.69796557
116,Weber-Gibson,"83946 Pamela Station
Christineshire, WV 45521",5684541200,weber-gibson@example.com,http://weber-gibson.com,-86.01952264,58.06846848
117,"Stephens, Estes and Alvarado","121 Roy Mountain Suite 344
Nancyburgh, NV 34878",1716062615,stephens_estes_and_alvarado@example.com,"http://stephens,-estes-and-alvarado.com",0.032462839,118.5515259
118,Mooney Group,"668 Wilson Passage
Lake Danielle, MT 79694",5704427180,mooney_group@example.com,http://mooney-group.com,-63.0718768,113.8819741
119,"Smith, Vargas and Chang","7192 Jessica Village Suite 056
West Kevinshire, RI 44805",1582773712,smith_vargas_and_chang@example.com,"http://smith,-vargas-and-chang.com",-42.46546071,99.09719738
120,Green-Smith,"8754 West Falls
South Rebeccaville, OH 50100",9611584027,green-smith@example.com,http://green-smith.com,-3.094160715,66.51769022
121,Miller-Knox,"375 Jason Islands Apt. 737
Webbport, AZ 70689",9584715750,miller-knox@example.com,http://miller-knox.com,2.719686855,123.364527
122,Watkins-Wagner,"2194 Kyle Haven Apt. 711
Greenside, GU 43949",4200121914,watkins-wagner@example.com,http://watkins-wagner.com,-73.48558149,106.4171626
123,"Bonilla, Reeves and Crosby","66354 Sandoval Ferry
Thomasbury, RI 91172",5384648458,bonilla_reeves_and_crosby@example.com,"http://bonilla,-reeves-and-crosby.com",-33.72646405,-166.5786189
124,Skinner-Graves,"78475 Henry Green
Youngville, NJ 18687",5592499109,skinner-graves@example.com,http://skinner-graves.com,-86.0065943,-160.1459853
125,Brown-Green,"Unit 4219 Box 2980
DPO AA 09181",7115072127,brown-green@example.com,http://brown-green.com,55.3094528,88.61636869
126,Miller-Nguyen,"583 Garrett Locks Suite 748
Cookehaven, MO 93100",7080606625,miller-nguyen@example.com,http://miller-nguyen.com,36.29313273,-78.27094043
127,"Webster, Mitchell and Wilcox","88967 Robinson Ports
Fisherfurt, MP 43820",7080956850,webster_mitchell_and_wilcox@example.com,"http://webster,-mitchell-and-wilcox.com",-42.2507047,-164.6258952
128,"Wu, Williams and Blevins","115 Eric Streets
Valdezton, AZ 15149",9968519256,wu_williams_and_blevins@example.com,"http://wu,-williams-and-blevins.com",-82.23798827,-169.1544855
129,Harmon and Sons,"638 Allison Via Apt. 625
Lake Michele, AS 58957",4604381928,harmon_and_sons@example.com,http://harmon-and-sons.com,-44.65684573,-148.6776486
130,"Gonzales, Guzman and Contreras","23817 Gregory Junction
Samanthabury, PR 15133",6123699933,gonzales_guzman_and_contreras@example.com,"http://gonzales,-guzman-and-contreras.com",36.11439763,68.91641565
131,Clark and Sons,"327 Ronald Inlet Suite 649
Michaelstad, HI 54509",3954843271,clark_and_sons@example.com,http://clark-and-sons.com,32.80689093,-152.590767
132,Manning-Moore,"54065 Christopher Falls
Anthonybury, MA 38468",4442087133,manning-moore@example.com,http://manning-moore.com,4.418871878,62.24303781
133,"Edwards, Hughes and Nolan","86927 Miranda Roads Apt. 354
Kellermouth, GA 09109",8102304335,edwards_hughes_and_nolan@example.com,"http://edwards,-hughes-and-nolan.com",-59.61268591,-22.95290701
134,Lane-Miller,"269 Dudley Well
Johnview, VT 66341",4386386581,lane-miller@example.com,http://lane-miller.com,-12.34077344,80.87506945
135,Pugh LLC,"949 Warren Motorway Apt. 726
Dalestad, IL 31456",6729743994,pugh_llc@example.com,http://pugh-llc.com,-18.26146115,-169.1744605
136,Huynh-Mann,"397 Mason Cove Apt. 129
Williamstad, VA 02845",8469529820,huynh-mann@example.com,http://huynh-mann.com,18.92403328,122.1898617
137,Dixon Group,"120 Kyle Turnpike Suite 678
Matthewburgh, ME 49021",5370291805,dixon_group@example.com,http://dixon-group.com,53.22148298,124.9491623
138,Diaz-Nelson,"Unit 4029 Box 9719
DPO AA 45577",5507420989,diaz-nelson@example.com,http://diaz-nelson.com,-26.79383807,78.57773246
139,Anthony and Sons,"Unit 1815 Box 1637
DPO AA 88875",2345803193,anthony_and_sons@example.com,http://anthony-and-sons.com,-66.23913927,20.5852468
140,"Lewis, Ramos and Brown","3116 Steven Court
North Seanville, VI 37855",6414249780,lewis_ramos_and_brown@example.com,"http://lewis,-ramos-and-brown.com",57.07983002,-65.40144086
141,Nicholson-Gregory,"508 Howard Vista
Port Jennifermouth, VI 36663",8820389486,nicholson-gregory@example.com,http://nicholson-gregory.com,-70.56464896,-81.80861687
142,Ortiz-Johns,"0121 Michael Burg Apt. 058
Toddchester, CT 51045",3746833104,ortiz-johns@example.com,http://ortiz-johns.com,-23.86085773,-30.69971455
143,Barnes PLC,"Unit 8144 Box 7989
DPO AA 71784",6193259322,barnes_plc@example.com,http://barnes-plc.com,44.94268734,-150.8375444
144,Ho Group,"096 Julie Radial Apt. 522
Karenburgh, WI 12271",4357468200,ho_group@example.com,http://ho-group.com,71.65183745,-170.6313966
145,"Miles, Figueroa and Patel","4528 Benson Isle
Kristaton, FL 37521",6672570198,miles_figueroa_and_patel@example.com,"http://miles,-figueroa-and-patel.com",28.81992274,-78.32039687
146,Hall Inc,"PSC 9915, Box 2607
APO AE 85340",1188606206,hall_inc@example.com,http://hall-inc.com,48.10531432,164.0746173
147,"Schroeder, Reid and Johnson","0530 Smith Mall
Williamsland, UT 90211",3797124049,schroeder_reid_and_johnson@example.com,"http://schroeder,-reid-and-johnson.com",22.81747067,120.6766321
148,"Wheeler, Lopez and Jordan","706 Michael Ridge Suite 062
Kelseymouth, MT 08777",3381819482,wheeler_lopez_and_jordan@example.com,"http://wheeler,-lopez-and-jordan.com",22.72655799,130.6101146
149,"Bailey, Thomas and Roberts","8242 Lauren Corners Apt. 713
South Jennifermouth, AS 58395",1101233202,bailey_thomas_and_roberts@example.com,"http://bailey,-thomas-and-roberts.com",30.04190908,-70.61167069
150,Hernandez-Stewart,"718 James Park
North Carlos, PW 32204",2224034938,hernandez-stewart@example.com,http://hernandez-stewart.com,-8.116543793,-52.52366343
151,Smith-Thomas,"35608 Lopez Views Suite 371
New Joshua, SC 79008",7987413937,smith-thomas@example.com,http://smith-thomas.com,-82.1583377,8.739210906
152,"Fox, Hudson and Morgan","147 Maria Summit
Schmidtfurt, MO 96636",8618476226,fox_hudson_and_morgan@example.com,"http://fox,-hudson-and-morgan.com",19.08658129,-107.7896433
153,"Pham, Carlson and Ponce","Unit 4676 Box 2037
DPO AP 53058",7018255614,pham_carlson_and_ponce@example.com,"http://pham,-carlson-and-ponce.com",78.65020356,127.5029972
154,Perry Group,"4473 Miller Corners
East Tracytown, OR 90180",9057649401,perry_group@example.com,http://perry-group.com,-66.08842254,18.98744429
155,Perez and Sons,"558 Michael Springs Apt. 187
New Nicole, LA 23972",6844042192,perez_and_sons@example.com,http://perez-and-sons.com,12.6067185,118.8966103
156,"Coleman, Stephens and Preston","29606 Michael Squares Suite 558
South Laura, ND 92787",7654929596,coleman_stephens_and_preston@example.com,"http://coleman,-stephens-and-preston.com",38.63598334,-7.398567367
157,"Steele, Bean and Jones","799 Richard Circle
Whiteville, NY 02025",5375024468,steele_bean_and_jones@example.com,"http://steele,-bean-and-jones.com",5.981583789,-70.30976004
158,Watts Ltd,"154 Clarke Bypass Apt. 230
Isabellatown, GA 24576",7871936478,watts_ltd@example.com,http://watts-ltd.com,79.32554954,-55.92791721
159,Crawford and Sons,"64950 Tiffany Shoal
Patrickbury, TX 13436",4550216007,crawford_and_sons@example.com,http://crawford-and-sons.com,1.454341189,-132.9569742
160,"Christensen, Burns and Blair","978 Martha Spurs Suite 652
Markmouth, GU 88445",8152585730,christensen_burns_and_blair@example.com,"http://christensen,-burns-and-blair.com",61.1399013,-57.33402716
161,Tanner-Haas,"92672 Christopher Extension
South Sherri, WA 75552",3027019616,tanner-haas@example.com,http://tanner-haas.com,45.62993272,-135.5621203
162,Andrews Group,"26269 Gutierrez Keys
Lowemouth, SC 74134",8363519180,andrews_group@example.com,http://andrews-group.com,-57.96146455,-39.40121595
163,Hayden Group,"2625 Vazquez Drives
Lake Vanessastad, MD 72384",7770901951,hayden_group@example.com,http://hayden-group.com,37.48922639,-130.1570005
164,Black-Campos,"8126 Tucker Landing Apt. 548
Wrightburgh, NE 75126",2894853951,black-campos@example.com,http://black-campos.com,25.81903904,172.0468889
165,"Huff, Williams and Bauer","39456 Trevino Turnpike
East Bobbybury, MT 39767",5719960661,huff_williams_and_bauer@example.com,"http://huff,-williams-and-bauer.com",10.03189388,163.883049
166,Kim-Taylor,"8631 Christine Courts Suite 204
West Jeremy, NC 96928",9269755356,kim-taylor@example.com,http://kim-taylor.com,13.0426987,-171.0662021
167,Zavala-Torres,"Unit 3985 Box 5968
DPO AE 91703",3951012549,zavala-torres@example.com,http://zavala-torres.com,-34.4753491,-161.5348823
168,Mitchell-Miller,"8105 Mcdonald Locks
West Veronica, ND 85670",1454133893,mitchell-miller@example.com,http://mitchell-miller.com,-2.082617228,-79.8487483
169,Mclaughlin-Weaver,"22098 Fletcher Mountain
Ravenland, VT 10123",4084372733,mclaughlin-weaver@example.com,http://mclaughlin-weaver.com,34.26455595,-166.1404708
170,Taylor Inc,"3168 Tyler Light Apt. 420
Cynthiahaven, NJ 96228",4480210693,taylor_inc@example.com,http://taylor-inc.com,48.55292284,46.35739541
171,"Williams, Martinez and Fuller","295 Sanchez Center
Port Zachary, AR 85044",4254195520,williams_martinez_and_fuller@example.com,"http://williams,-martinez-and-fuller.com",2.676968747,-101.7448252
172,Smith-Patton,"4879 Mathis Roads
Jeremyburgh, OR 13987",9172335668,smith-patton@example.com,http://smith-patton.com,81.96210592,68.18734478
173,"Lawrence, Williams and Hernandez","50566 Wright Row Apt. 721
Port Lauren, SD 35816",7235587985,lawrence_williams_and_hernandez@example.com,"http://lawrence,-williams-and-hernandez.com",20.84903158,-59.2435727
174,Burton Inc,"9174 Joy Burgs
East Charlesview, VI 47224",2717718505,burton_inc@example.com,http://burton-inc.com,-68.12006298,169.6137871
175,"Edwards, Freeman and Vazquez","0071 Williamson Junctions
Chenberg, NE 38185",1173531686,edwards_freeman_and_vazquez@example.com,"http://edwards,-freeman-and-vazquez.com",87.78930743,179.8479219
176,"Greene, Werner and Clark","748 Sanchez Underpass Apt. 455
Morganmouth, MI 22596",1072471070,greene_werner_and_clark@example.com,"http://greene,-werner-and-clark.com",-82.4498368,-135.9370634
177,Smith Ltd,"2423 Deborah Parks
Lisachester, IL 56248",3856554329,smith_ltd@example.com,http://smith-ltd.com,-5.55414188,60.41689999
178,Williams-Khan,"8873 Andrew Fords Suite 926
New Kevin, RI 92288",1435875355,williams-khan@example.com,http://williams-khan.com,-52.22836946,107.7202421
179,"Stout, Barry and Flores","173 Darren Rue Apt. 631
Garciabury, TN 01093",8025612412,stout_barry_and_flores@example.com,"http://stout,-barry-and-flores.com",79.5736168,-131.1128732
180,"Williams, Walker and Anderson","71486 White Brook Suite 500
Lake Jamieland, AK 53122",4874765852,williams_walker_and_anderson@example.com,"http://williams,-walker-and-anderson.com",-36.07160112,38.03166636
181,Barber-Powell,"85769 David Locks
Melissaburgh, MD 45445",7878001759,barber-powell@example.com,http://barber-powell.com,39.31715103,-46.19389524
182,"Reyes, Huber and Shelton","3075 Sabrina Gardens
Port Seanside, NM 15469",1015296235,reyes_huber_and_shelton@example.com,"http://reyes,-huber-and-shelton.com",-81.47171753,2.472415313
183,Booker PLC,"28141 Haas Shore Apt. 696
South Sherryfort, AZ 23425",9704491940,booker_plc@example.com,http://booker-plc.com,-28.828363,21.10198095
184,"Rodriguez, Porter and Craig","245 Martinez Spur
Matthewview, AR 67114",3109147687,rodriguez_porter_and_craig@example.com,"http://rodriguez,-porter-and-craig.com",76.39975964,-52.17419059
185,Carter Ltd,"PSC 3982, Box 4782
APO AP 30360",2049452635,carter_ltd@example.com,http://carter-ltd.com,69.44361201,14.02404706
186,"Hogan, Hardin and Thomas","985 Fields Roads
Adamfort, FM 81131",8008761631,hogan_hardin_and_thomas@example.com,"http://hogan,-hardin-and-thomas.com",51.70810626,-105.152225
187,Montoya Inc,"162 Nicholas Route
Port Dannyland, VT 59074",9706661772,montoya_inc@example.com,http://montoya-inc.com,68.3045974,-75.04217017
188,White-Fernandez,"Unit 6731 Box 9955
DPO AE 32625",2147559843,white-fernandez@example.com,http://white-fernandez.com,79.92499908,75.13790866
189,Wilkerson-Wilkinson,"10406 Michael Court
North Scott, MO 04939",6348933161,wilkerson-wilkinson@example.com,http://wilkerson-wilkinson.com,-82.57421318,33.17452598
190,Burgess-Neal,"5959 Megan Groves
Nicoleton, WV 83547",7930888609,burgess-neal@example.com,http://burgess-neal.com,-11.56148182,177.1762565
191,Reyes PLC,"61622 Stevens Trafficway Suite 437
Port Leslie, VT 62151",7940109508,reyes_plc@example.com,http://reyes-plc.com,-26.26820148,63.55920803
192,"Dawson, Patterson and Hickman","181 Antonio Ranch Apt. 202
South Judith, WV 75034",2011509605,dawson_patterson_and_hickman@example.com,"http://dawson,-patterson-and-hickman.com",-16.20837568,67.54617584
193,"Davis, Bryant and Ashley","58766 Kevin Knolls Apt. 795
East Aaronmouth, OH 72311",9790698825,davis_bryant_and_ashley@example.com,"http://davis,-bryant-and-ashley.com",56.49807167,9.347272574
194,Brown-Murphy,"93301 Jennings Green
Farrellburgh, NV 73804",8566956298,brown-murphy@example.com,http://brown-murphy.com,-5.989152773,48.44415802
195,"Johnson, Jensen and Valdez","52553 Cruz Branch Apt. 914
Coxmouth, AR 63083",1737746756,johnson_jensen_and_valdez@example.com,"http://johnson,-jensen-and-valdez.com",37.97220325,76.10248119
196,"Hoover, Shaw and Douglas","0828 Dennis Station
Griffinville, MH 76480",3492109724,hoover_shaw_and_douglas@example.com,"http://hoover,-shaw-and-douglas.com",-29.45700078,-65.76559238
197,Khan-Todd,"86048 Williams Keys Apt. 343
Edwardsmouth, MI 22811",1836046372,khan-todd@example.com,http://khan-todd.com,-25.00760366,5.205613671
198,Frazier-Carter,"706 Jill Pike Suite 012
Tarafurt, OK 16021",6448400158,frazier-carter@example.com,http://frazier-carter.com,-6.88285592,-33.43754564
199,Hensley-Clark,"56835 Amanda Rue
East Katieton, IN 93417",3156701189,hensley-clark@example.com,http://hensley-clark.com,-71.02232237,131.4815922
200,Osborne PLC,"7901 Lindsay Highway
South Shannonland, KS 33221",2727794706,osborne_plc@example.com,http://osborne-plc.com,89.729263,75.1469628
201,Berry PLC,"PSC 0855, Box 2380
APO AP 85060",8258221339,berry_plc@example.com,http://berry-plc.com,18.93091278,53.80990835
202,Pruitt Inc,"846 Fisher Burgs
Shellyhaven, NM 35747",1212953162,pruitt_inc@example.com,http://pruitt-inc.com,64.1248352,69.21117431
203,Avila-Lynch,"67483 Waters Trail Apt. 035
Wilkinsbury, MD 50432",8007574438,avila-lynch@example.com,http://avila-lynch.com,51.6110423,-120.8835278
204,"White, Hess and Dillon","5758 Mary Vista Suite 562
South Michaelside, AL 96982",9429264985,white_hess_and_dillon@example.com,"http://white,-hess-and-dillon.com",-87.59416184,156.9140283
205,"Gonzalez, Riley and Prince","PSC 4675, Box 1916
APO AE 84561",4872274031,gonzalez_riley_and_prince@example.com,"http://gonzalez,-riley-and-prince.com",-33.66181291,-141.090111
206,Bautista-Berry,"681 Gregory Mountain Suite 324
Wilkersonview, WI 81113",7699148873,bautista-berry@example.com,http://bautista-berry.com,1.042093041,-124.8474753
207,"Price, Bell and Hawkins","5946 Phillip Hills
North Brianmouth, AK 66009",3290234096,price_bell_and_hawkins@example.com,"http://price,-bell-and-hawkins.com",51.64868644,42.36423833
208,Bryant PLC,"1391 Black Ridges Apt. 868
Greenview, NV 26524",8880346070,bryant_plc@example.com,http://bryant-plc.com,-66.88114107,-67.88318191
209,Meyer Group,"PSC 9618, Box 9242
APO AP 60103",6755723592,meyer_group@example.com,http://meyer-group.com,30.55976291,-139.1043812
210,Malone-Berry,"482 Marc Crescent
Lake Leslieberg, MI 59876",1857495104,malone-berry@example.com,http://malone-berry.com,45.80886422,44.58837647
211,"Murray, Nelson and Lynch","65521 Larson Land
Thompsonborough, HI 05602",1984992711,murray_nelson_and_lynch@example.com,"http://murray,-nelson-and-lynch.com",-78.13012621,152.9006607
212,"Diaz, Thomas and Roberts","07166 Jessica Squares
New Renee, MP 70769",9076662648,diaz_thomas_and_roberts@example.com,"http://diaz,-thomas-and-roberts.com",-70.6805671,107.4657835
213,Castro Inc,"9084 Webster Port
Solisshire, AK 94351",2660505434,castro_inc@example.com,http://castro-inc.com,-45.4802528,-107.2595241
214,Chen-Smith,"6575 Morris Run
Davisville, VA 68230",1588461661,chen-smith@example.com,http://chen-smith.com,-61.37782104,54.53353419
215,"Chavez, Landry and Li","14296 Robert Mews Apt. 469
Port Doristown, DE 71063",7441869151,chavez_landry_and_li@example.com,"http://chavez,-landry-and-li.com",83.76507105,115.89428
216,Kelly-Finley,"3859 Wayne Fork
Scottstad, DE 38368",3476872564,kelly-finley@example.com,http://kelly-finley.com,27.11692846,-162.6094878
217,Martin-Hudson,"PSC 8065, Box 7003
APO AP 10368",9436207064,martin-hudson@example.com,http://martin-hudson.com,-8.74256406,-31.36403531
218,Johnson PLC,"8514 Chambers Forest Suite 562
Mooremouth, NE 78458",1032157343,johnson_plc@example.com,http://johnson-plc.com,21.77213339,-164.4023528
219,Wood-Tran,"500 Hernandez River
Richardland, WA 44649",1987944667,wood-tran@example.com,http://wood-tran.com,66.87478651,162.5389995
220,"Escobar, Wilson and Baker","0245 Boyd Spring Apt. 085
South Patrickmouth, PR 72325",1905623776,escobar_wilson_and_baker@example.com,"http://escobar,-wilson-and-baker.com",-11.41338551,139.4390855
221,"Rodgers, Jones and Proctor","3533 Gibbs Fall
Mcgeeburgh, IL 43244",6880441795,rodgers_jones_and_proctor@example.com,"http://rodgers,-jones-and-proctor.com",65.96177001,131.1316457
222,Nelson-Wilson,"067 Murphy Rest
New Cherylhaven, VT 57146",2325762688,nelson-wilson@example.com,http://nelson-wilson.com,-63.03671187,70.4865263
223,Bowen-Roy,"6005 Nathaniel Trail Suite 206
Floresside, KS 82183",8252840907,bowen-roy@example.com,http://bowen-roy.com,19.28643775,-54.09263772
224,Downs-Stevenson,"47018 Julia Tunnel
Austinland, DC 22739",2651182006,downs-stevenson@example.com,http://downs-stevenson.com,-13.16786596,128.5410832
225,Perkins and Sons,"32752 Hodges Spring
Port Alexabury, TX 54355",8303456568,perkins_and_sons@example.com,http://perkins-and-sons.com,34.24153635,-120.6120689
226,Williams-Leonard,"510 Reginald Mission
Hughesbury, PA 79916",3353346548,williams-leonard@example.com,http://williams-leonard.com,43.57859755,-70.00206811
227,Williams-Le,"339 Campbell Point
North Donnafurt, IN 81884",8288621085,williams-le@example.com,http://williams-le.com,-42.87313178,-40.9885457
228,Brown-Snyder,"8644 Rebecca Village Apt. 560
Newmanfurt, MS 64064",1937099086,brown-snyder@example.com,http://brown-snyder.com,-23.9806516,156.5172352
229,"Ruiz, Decker and Cruz","6529 Davidson Glen Suite 627
New Chasemouth, MN 46706",1526587412,ruiz_decker_and_cruz@example.com,"http://ruiz,-decker-and-cruz.com",29.38249421,-164.2089388
230,Wilson Group,"31058 Tracey Rapids
Brownington, SD 07007",8965429405,wilson_group@example.com,http://wilson-group.com,-0.361631741,-77.26440844
231,"Huffman, Robbins and Taylor","740 Jones Plains
Traceybury, MA 32819",3693897969,huffman_robbins_and_taylor@example.com,"http://huffman,-robbins-and-taylor.com",-78.43544577,-118.0432224
232,Ross-Knight,"9185 Coleman Station
Port John, IA 33399",4418281266,ross-knight@example.com,http://ross-knight.com,33.3675708,105.367573
233,Benson PLC,"5807 Chavez Pines
Trevinohaven, MD 68066",6372778752,benson_plc@example.com,http://benson-plc.com,-45.24558835,33.45537918
234,"Ortiz, Gentry and Mosley","232 Andrews Flat
Stephanietown, OH 82948",6562752604,ortiz_gentry_and_mosley@example.com,"http://ortiz,-gentry-and-mosley.com",-88.32908327,71.78187692
235,"Kirk, Carroll and Lewis","PSC 2274, Box 8858
APO AP 76222",3049467194,kirk_carroll_and_lewis@example.com,"http://kirk,-carroll-and-lewis.com",-42.31642144,-32.35896901
236,"Case, Galvan and Morrow","9308 Victoria Islands
Patriciaton, CO 79395",8823528628,case_galvan_and_morrow@example.com,"http://case,-galvan-and-morrow.com",86.58073897,-128.8901435
237,Drake-Whitney,"8232 Reeves Estate
Sarahchester, NM 27589",8914077604,drake-whitney@example.com,http://drake-whitney.com,50.06354808,12.10697037
238,Day-Perez,"02103 Laura Ford
Johnstad, TN 48495",7621848908,day-perez@example.com,http://day-perez.com,50.66511337,69.96600079
239,Gonzalez LLC,"297 Samantha Village
West Raymond, AL 70083",7466677995,gonzalez_llc@example.com,http://gonzalez-llc.com,-25.96801248,81.93179364
240,Chen LLC,"563 Spencer Turnpike
North Sandra, SC 09885",2753246426,chen_llc@example.com,http://chen-llc.com,-78.95999241,-179.3267841
241,Maxwell PLC,"4503 Mack Roads Apt. 967
South Evan, GA 56824",1874022502,maxwell_plc@example.com,http://maxwell-plc.com,67.49095287,166.5972126
242,Marquez-Norris,"Unit 5469 Box 5722
DPO AE 35591",5012593197,marquez-norris@example.com,http://marquez-norris.com,19.01547055,151.1487454
243,"King, Barnes and Carney","PSC 5427, Box 1233
APO AP 98654",2566729473,king_barnes_and_carney@example.com,"http://king,-barnes-and-carney.com",34.47639369,-174.6895591
244,"Morgan, Farley and Wright","05422 Christopher Isle
East Kiara, NM 27112",5640591729,morgan_farley_and_wright@example.com,"http://morgan,-farley-and-wright.com",-81.95852266,48.37654781
245,Gonzalez-Day,"Unit 3417 Box 7311
DPO AE 85776",6012743909,gonzalez-day@example.com,http://gonzalez-day.com,-82.00935202,-144.6052773
246,Cortez Group,"43277 Miller Station
New Peterstad, DC 05283",8814778355,cortez_group@example.com,http://cortez-group.com,38.59299413,-90.14102097
247,"Martinez, Hernandez and Avila","4960 Diaz Wall
New Valerie, AL 10708",1325763302,martinez_hernandez_and_avila@example.com,"http://martinez,-hernandez-and-avila.com",-29.72067619,37.42739588
248,Brennan-Graham,"0059 Glenn Springs Apt. 161
Turnerberg, NY 22118",7390785230,brennan-graham@example.com,http://brennan-graham.com,67.18360456,-169.7158383
249,"Harmon, Sullivan and Meyer","754 Kristina Bypass
Phylliston, NV 98052",5019259475,harmon_sullivan_and_meyer@example.com,"http://harmon,-sullivan-and-meyer.com",64.49642805,-5.093091042
250,Carlson-Garcia,"4249 Dunn Passage Apt. 231
Austinport, LA 77706",8143242444,carlson-garcia@example.com,http://carlson-garcia.com,-55.3711326,50.84238114
251,Lewis and Sons,"7071 Fritz Dam
Vargasview, PW 41089",6232130116,lewis_and_sons@example.com,http://lewis-and-sons.com,57.13388903,-75.81668735
252,Owen-Holloway,"3311 Matthew Parks Suite 553
Greenfurt, CO 72277",3797198162,owen-holloway@example.com,http://owen-holloway.com,15.02214017,149.116574
253,King LLC,"627 Madeline Brook
Savagemouth, DE 79847",1361727744,king_llc@example.com,http://king-llc.com,39.49073949,103.7377918
254,Molina and Sons,"213 Kennedy Mill Suite 806
Port Patrickshire, WV 64758",6273507526,molina_and_sons@example.com,http://molina-and-sons.com,-27.44478957,40.06784851
255,Sullivan-Wright,"4046 Rodriguez Spur Apt. 076
Bradleyborough, VI 89460",1857620783,sullivan-wright@example.com,http://sullivan-wright.com,-7.422416635,-111.6602259
256,Stokes and Sons,"6807 Hernandez Mountains
Juantown, HI 61570",6935839447,stokes_and_sons@example.com,http://stokes-and-sons.com,-40.12034186,-173.1397956
257,Brooks-Combs,"844 Patterson Run
Leonhaven, NM 48034",9211127578,brooks-combs@example.com,http://brooks-combs.com,-24.49790063,140.5778756
258,Perez-White,"5177 Charles Station Apt. 822
West Julieville, AS 14853",2476563660,perez-white@example.com,http://perez-white.com,0.568622267,-134.6605351
259,Parker-Garcia,"105 Matthew Mills Apt. 942
Edwinbury, VT 14753",8922587578,parker-garcia@example.com,http://parker-garcia.com,-50.61116385,139.9887432
260,Harris Inc,"325 James Forge Suite 169
Veronicatown, PW 52667",2583814725,harris_inc@example.com,http://harris-inc.com,-29.9024976,-102.1045201
261,Ferguson PLC,"45587 Ross Dam
South Kristenville, VA 25643",7298958202,ferguson_plc@example.com,http://ferguson-plc.com,-29.89230627,49.00505091
262,Torres-Bradley,"Unit 4070 Box 0521
DPO AP 16751",9993603644,torres-bradley@example.com,http://torres-bradley.com,-65.76412686,36.79124016
263,"Mills, Mitchell and Smith","3526 Stephen Streets
Camachoburgh, IA 68800",8498066581,mills_mitchell_and_smith@example.com,"http://mills,-mitchell-and-smith.com",70.39121739,-22.37339472
264,Hicks PLC,"3692 Harold Knolls
Cortezland, CO 34593",6716355366,hicks_plc@example.com,http://hicks-plc.com,79.93898697,-167.704841
265,Smith-Nash,"92541 Phillip Drive Suite 246
New Lance, MN 51028",5270244589,smith-nash@example.com,http://smith-nash.com,76.34102028,29.246423
266,"Hayes, Schultz and Holland","32683 William Fields Suite 127
Transhire, KS 23757",8123498006,hayes_schultz_and_holland@example.com,"http://hayes,-schultz-and-holland.com",34.18028746,27.05580134
267,Wagner Inc,"8567 Finley Meadow Apt. 679
New Jessica, UT 85630",3224407637,wagner_inc@example.com,http://wagner-inc.com,4.804213166,-12.65178361
268,Dennis PLC,"851 Wanda Island
West Donaldstad, NY 68764",6275435077,dennis_plc@example.com,http://dennis-plc.com,-78.08979388,179.7023428
269,"Wolfe, Young and Booth","1092 Aaron Trace
Hubbardberg, KY 38195",4517864662,wolfe_young_and_booth@example.com,"http://wolfe,-young-and-booth.com",57.80983039,56.72133382
270,"Harrison, Baxter and Baker","03545 Bridges Unions Apt. 909
Lake Margaretfurt, AZ 09199",2464086268,harrison_baxter_and_baker@example.com,"http://harrison,-baxter-and-baker.com",-14.05963207,179.3272526
271,Martinez-Watson,"602 Garcia Mills
Rickfort, NH 33250",9166935674,martinez-watson@example.com,http://martinez-watson.com,5.794484781,-120.4328131
272,"Nelson, Deleon and Mcdaniel","00110 David Greens
Kimfurt, IL 39467",5508033658,nelson_deleon_and_mcdaniel@example.com,"http://nelson,-deleon-and-mcdaniel.com",-24.45788697,88.49524054
273,"Vasquez, Thompson and Ward","0291 Shannon Grove Suite 139
Lake Danielbury, PW 22534",4829660226,vasquez_thompson_and_ward@example.com,"http://vasquez,-thompson-and-ward.com",-40.97810058,0.485248141
274,Foster-Chan,"609 Taylor Meadow
East Debra, ME 38842",6757716601,foster-chan@example.com,http://foster-chan.com,-19.24299053,-80.20557011
275,Brown-Gross,"144 Brown Ways
East Allison, NE 42499",9325354967,brown-gross@example.com,http://brown-gross.com,-24.91747156,-67.65846289
276,Green-Blackwell,"641 Barton Falls
Jensenmouth, IN 65305",2683976011,green-blackwell@example.com,http://green-blackwell.com,-63.39903557,40.57214443
277,Simmons-Fitzgerald,"5421 Justin Summit Apt. 662
North Debra, OR 85825",5828883490,simmons-fitzgerald@example.com,http://simmons-fitzgerald.com,0.52665165,-114.0128835
278,Smith-Palmer,"USS Townsend
FPO AA 66257",4134586587,smith-palmer@example.com,http://smith-palmer.com,30.2239522,-108.8212662
279,"Gordon, Klein and Stephens","955 Clark Pike Apt. 074
East Kenneth, KS 14930",6364050236,gordon_klein_and_stephens@example.com,"http://gordon,-klein-and-stephens.com",-67.5999574,-123.2795143
280,Boone and Sons,"3777 Marc Lodge
Wrightberg, CO 93126",1216209531,boone_and_sons@example.com,http://boone-and-sons.com,5.863323268,175.3232129
281,"Mcpherson, Richard and Zimmerman","8687 Thomas Parkway
Stricklandshire, NJ 79639",8997221408,mcpherson_richard_and_zimmerman@example.com,"http://mcpherson,-richard-and-zimmerman.com",-27.86642978,164.7554564
282,Hodges-Williams,"616 Hicks Junctions
North Christina, MD 72138",1707609180,hodges-williams@example.com,http://hodges-williams.com,43.76116324,-84.61302803
283,"Williamson, Sims and Farmer","90593 Samantha View Apt. 524
Patrickberg, PR 93909",4793579532,williamson_sims_and_farmer@example.com,"http://williamson,-sims-and-farmer.com",10.9519745,144.4552207
284,"Hopkins, Walters and Maldonado","Unit 0692 Box 6933
DPO AE 68089",2806863570,hopkins_walters_and_maldonado@example.com,"http://hopkins,-walters-and-maldonado.com",-58.63422947,-170.5494883
285,Nichols LLC,"Unit 1069 Box 3569
DPO AA 75690",4625670382,nichols_llc@example.com,http://nichols-llc.com,35.60136357,-79.06772362
286,Sanchez-Alvarado,"03333 Massey Shore
Lake Jenniferchester, AL 56281",9326180855,sanchez-alvarado@example.com,http://sanchez-alvarado.com,61.43320066,-106.985005
287,Nelson-Perez,"931 Payne Island Apt. 883
West Joyland, SC 04309",6487243064,nelson-perez@example.com,http://nelson-perez.com,22.47225307,-84.52961702
288,Stephens PLC,"050 David Walk Suite 810
Singhshire, ND 59479",8727948846,stephens_plc@example.com,http://stephens-plc.com,-46.70510162,-23.62060164
289,"Weaver, Hanson and Hernandez","000 Cindy Knoll Apt. 863
Port Robin, CT 97597",9627821304,weaver_hanson_and_hernandez@example.com,"http://weaver,-hanson-and-hernandez.com",-66.20704262,6.037196703
290,Taylor-Casey,"2432 Ryan Lake
Michaelshire, ME 18021",3534176963,taylor-casey@example.com,http://taylor-casey.com,66.58138592,-92.44984
291,"Robertson, Jacobson and Martinez","65538 Jennifer Causeway Apt. 532
Port Jessica, PA 33958",6789973982,robertson_jacobson_and_martinez@example.com,"http://robertson,-jacobson-and-martinez.com",-7.109480612,-157.1157744
292,"Alexander, Franklin and Olson","9510 Amanda Mount Apt. 425
Dustinland, WV 79479",6700021150,alexander_franklin_and_olson@example.com,"http://alexander,-franklin-and-olson.com",-39.34233867,149.8221883
293,Perez Ltd,"Unit 6672 Box 7553
DPO AE 96915",9722715875,perez_ltd@example.com,http://perez-ltd.com,-79.58202843,-163.9664283
294,Kennedy Ltd,"43644 Hays Extensions
Davidchester, PR 22209",4998495793,kennedy_ltd@example.com,http://kennedy-ltd.com,-27.76467965,102.5194469
295,Long LLC,"93719 Sarah Mall
Watsontown, WA 60613",1234291362,long_llc@example.com,http://long-llc.com,-33.87320556,12.27483514
296,Gonzalez-Reed,"155 Heather Fields Apt. 130
Matthewburgh, AZ 81076",5130404376,gonzalez-reed@example.com,http://gonzalez-reed.com,-66.1041569,91.12136801
297,King-Moore,"480 Murillo Roads
Garciaport, PA 71234",9909541721,king-moore@example.com,http://king-moore.com,-29.40564906,-107.2271054
298,Clark-Roberts,"PSC 4092, Box 0913
APO AE 68060",3448727406,clark-roberts@example.com,http://clark-roberts.com,-50.45502114,113.6508332
299,Caldwell-Francis,"9903 Williams Camp Suite 413
East Lauraburgh, MO 99764",4206659077,caldwell-francis@example.com,http://caldwell-francis.com,-12.94668405,-64.01312417
300,Santos Inc,"224 Flores Lodge Apt. 899
Leehaven, CT 21425",8341433921,santos_inc@example.com,http://santos-inc.com,-19.1706397,-170.2802835
301,Choi-Hudson,"075 Mariah Parkways Suite 190
Bethmouth, KY 19419",2127325776,choi-hudson@example.com,http://choi-hudson.com,-19.23238646,-116.5479082
302,Stein-Davis,"545 Lisa Plain Suite 378
South Latashamouth, DE 35185",6466878507,stein-davis@example.com,http://stein-davis.com,31.5267762,127.9215458
303,"Price, Carr and Ramirez","5627 Moore Island Suite 871
Michaelside, OH 75072",7988975734,price_carr_and_ramirez@example.com,"http://price,-carr-and-ramirez.com",3.813678622,77.61432679
304,Nixon LLC,"1619 Matthew Grove Apt. 509
Port Jasmine, FM 48977",7009888686,nixon_llc@example.com,http://nixon-llc.com,-38.62269498,-38.92080321
305,"Glenn, Calderon and Howard","495 Christopher Turnpike Apt. 862
Dianeburgh, WV 07133",3101079769,glenn_calderon_and_howard@example.com,"http://glenn,-calderon-and-howard.com",28.66163612,28.91007166
306,Arnold-Huang,"557 Tiffany Pass Apt. 335
Charlestown, AK 63326",6143669100,arnold-huang@example.com,http://arnold-huang.com,51.53887252,-47.12346901
307,Reed Group,"20012 Moore Vista Suite 535
Alecbury, KS 24502",6425865914,reed_group@example.com,http://reed-group.com,51.32710903,166.2915854
308,"Johnson, York and Stokes","Unit 3923 Box 5629
DPO AE 32555",5981904948,johnson_york_and_stokes@example.com,"http://johnson,-york-and-stokes.com",-63.52332128,25.23136004
309,Murray LLC,"51070 Suzanne Common
North Dawn, MH 76932",8848924258,murray_llc@example.com,http://murray-llc.com,42.05550942,-177.5621791
310,"Vang, Harris and Powell","08554 Vang Field Apt. 100
Hugheschester, NC 70729",9019139412,vang_harris_and_powell@example.com,"http://vang,-harris-and-powell.com",10.78181956,65.26758933
311,Robertson-Price,"6787 Brown Valley Suite 296
Johnsonland, AZ 04184",4617422458,robertson-price@example.com,http://robertson-price.com,-88.43695722,-98.05017357
312,Powers PLC,"250 Taylor Well
East Cynthiaberg, CT 19258",3238418702,powers_plc@example.com,http://powers-plc.com,70.79294971,128.6900574
313,Estrada PLC,"17753 Malone Landing Apt. 326
Jessicaland, MP 97424",5075656676,estrada_plc@example.com,http://estrada-plc.com,6.790349944,78.3667103
314,Benjamin Group,"7075 Leah Circle
Christopherhaven, GA 68023",9878132627,benjamin_group@example.com,http://benjamin-group.com,-65.51480406,40.29008527
315,Ruiz-Butler,"9010 Victor Ville Suite 670
Williamtown, RI 89067",3245979390,ruiz-butler@example.com,http://ruiz-butler.com,-36.53094006,-48.91919467
316,Horton Group,"43224 Brian River Suite 395
North Emmahaven, PR 22325",1933465861,horton_group@example.com,http://horton-group.com,88.95982176,-116.9849706
317,Terry Group,"37545 Matthew Freeway Suite 614
Hillton, MO 72935",7160791750,terry_group@example.com,http://terry-group.com,78.28664812,82.5573898
318,"Bryant, Allen and Gibson","38269 Thomas Plains
Anthonyside, WY 26256",2716004140,bryant_allen_and_gibson@example.com,"http://bryant,-allen-and-gibson.com",43.72936059,55.01201821
319,Jackson-Davis,"39164 Ramos Manors
New Breanna, AL 15212",1849871571,jackson-davis@example.com,http://jackson-davis.com,-66.03027814,126.7986214
320,"Hall, Wright and Andersen","614 Adam Ridge
Gomezshire, OK 13700",7929543234,hall_wright_and_andersen@example.com,"http://hall,-wright-and-andersen.com",16.27488312,38.51040918
321,Pierce-Dixon,"68539 Mark Stream Apt. 088
Meganmouth, MP 41333",6752583217,pierce-dixon@example.com,http://pierce-dixon.com,19.84973539,-110.6498861
322,Charles PLC,"4886 Ramirez Lodge
Troyhaven, KS 68337",9115500052,charles_plc@example.com,http://charles-plc.com,57.82538803,69.32083139
323,Stevens-Adams,"8920 Graham Mission Apt. 890
New Eric, KY 22348",4207280847,stevens-adams@example.com,http://stevens-adams.com,-38.92123536,148.276287
324,Hernandez-Murphy,"39671 Deanna Fields Apt. 101
Davidfurt, ID 37426",1525894387,hernandez-murphy@example.com,http://hernandez-murphy.com,-60.24335017,3.480345735
325,Carter Inc,"63003 Jacqueline Stream
New Kimberly, UT 84036",5899310923,carter_inc@example.com,http://carter-inc.com,-30.86095615,-4.852966978
326,"Alexander, Fisher and Green","776 Nicole Shoal
North Darlene, KS 53141",2020767580,alexander_fisher_and_green@example.com,"http://alexander,-fisher-and-green.com",8.738897728,-101.9064159
327,Branch LLC,"Unit 8378 Box 8697
DPO AA 20873",7527065267,branch_llc@example.com,http://branch-llc.com,73.93720478,11.7781059
328,Alvarado-Thompson,"62321 Bowman Corners
New Leahland, MT 25871",4746143092,alvarado-thompson@example.com,http://alvarado-thompson.com,-16.35348416,41.78786501
329,Jones-Garcia,"6116 Jill Neck
Mclaughlinside, KY 43049",9588071486,jones-garcia@example.com,http://jones-garcia.com,-50.61987596,44.28047689
330,"Hardy, Garcia and Morgan","380 Bolton Passage Suite 806
Johnnystad, IN 14503",5155456368,hardy_garcia_and_morgan@example.com,"http://hardy,-garcia-and-morgan.com",-72.27319067,-31.83658782
331,Smith-Wilkins,"4696 Cantu Flats
Port Robertmouth, RI 10302",3898745911,smith-wilkins@example.com,http://smith-wilkins.com,88.05517754,104.1423037
332,Anderson-Torres,"PSC 2631, Box 1195
APO AE 65392",3719575342,anderson-torres@example.com,http://anderson-torres.com,30.29751917,169.9514961
333,Ellis Ltd,"USS Frederick
FPO AP 77158",1268145044,ellis_ltd@example.com,http://ellis-ltd.com,54.20193567,-35.87546849
334,Keith-Bruce,"281 Jeff Lock Suite 349
West Jose, UT 02546",9166621862,keith-bruce@example.com,http://keith-bruce.com,41.29496305,-173.4001501
335,Johnson Ltd,"PSC 7863, Box 2305
APO AP 25755",9591377212,johnson_ltd@example.com,http://johnson-ltd.com,-19.21394669,-81.13256307
336,Galvan-Fernandez,"43839 Donna Stravenue
Jacksonbury, NJ 56055",6133000811,galvan-fernandez@example.com,http://galvan-fernandez.com,-44.27244741,121.1950527
337,"Long, Burton and Hicks","636 Hopkins Tunnel
Wolfetown, VT 48557",4761050832,long_burton_and_hicks@example.com,"http://long,-burton-and-hicks.com",1.02136692,54.14251718
338,Schmidt PLC,"Unit 2102 Box 6190
DPO AE 78729",1861064105,schmidt_plc@example.com,http://schmidt-plc.com,73.48716249,-161.3978871
339,Jimenez-Tucker,"98649 Aguirre Plain
North Rebecca, KY 89805",2696531244,jimenez-tucker@example.com,http://jimenez-tucker.com,-77.57330226,-168.8585593
340,Shaw Group,"5097 Potts Fields Apt. 636
South Sharon, ND 12360",9406799913,shaw_group@example.com,http://shaw-group.com,-81.39178714,29.59206798
341,Lawrence-Montgomery,"Unit 4276 Box 9673
DPO AA 75461",8067770823,lawrence-montgomery@example.com,http://lawrence-montgomery.com,23.21640889,-35.59426292
342,Hayes-Carter,"USNS Miller
FPO AA 21265",2630811669,hayes-carter@example.com,http://hayes-carter.com,-57.2958851,-81.91291659
343,Carter-Warren,"Unit 3130 Box 0555
DPO AE 95122",7267964296,carter-warren@example.com,http://carter-warren.com,-42.53142136,-168.6372181
344,Johnson Ltd,"8914 Underwood Isle
Patrickview, IA 69134",2299287585,johnson_ltd@example.com,http://johnson-ltd.com,41.85716171,115.568436
345,Nichols and Sons,"367 Jasmine Glens
Williamburgh, ND 81818",6458947833,nichols_and_sons@example.com,http://nichols-and-sons.com,-31.55915968,174.6924374
346,Roach Inc,"5116 Thompson Court
Lisaton, DC 43349",8137721982,roach_inc@example.com,http://roach-inc.com,-61.37105762,111.6273577
347,"Kelly, Casey and Hawkins","1679 Bartlett Locks Apt. 443
Greenmouth, GU 74099",4060103600,kelly_casey_and_hawkins@example.com,"http://kelly,-casey-and-hawkins.com",-35.26735787,133.2300973
348,Lopez Group,"0048 Hernandez Square
West Rebecca, KS 92143",5474148774,lopez_group@example.com,http://lopez-group.com,25.11266096,-15.04550419
349,"Jones, Rodriguez and Lowe","USNV Clayton
FPO AA 70818",4380686186,jones_rodriguez_and_lowe@example.com,"http://jones,-rodriguez-and-lowe.com",15.82317978,62.02877982
350,Cook-Rhodes,"67115 Crystal Estates
Fosterview, MN 14489",9600214075,cook-rhodes@example.com,http://cook-rhodes.com,1.730664126,-150.3500201
351,"Schneider, Torres and Reyes","5759 Phillips Street
West Crystalberg, PR 41540",7835034518,schneider_torres_and_reyes@example.com,"http://schneider,-torres-and-reyes.com",17.16833225,-104.9077302
352,Carrillo LLC,"628 Daniel Prairie
Colefurt, DE 09681",4338516167,carrillo_llc@example.com,http://carrillo-llc.com,-67.85466988,28.21104219
353,Gomez LLC,"61436 Carter Loop
Port Kellyport, MO 15470",3225112815,gomez_llc@example.com,http://gomez-llc.com,-73.62381141,14.12018928
354,Alvarado LLC,"6427 Miller Mount Apt. 776
Lake Theresachester, KS 77172",3650513931,alvarado_llc@example.com,http://alvarado-llc.com,-83.79859559,-125.1989333
355,"Vincent, Lewis and Leach","5097 Andrew Lights
South Kenneth, CA 80391",3232801305,vincent_lewis_and_leach@example.com,"http://vincent,-lewis-and-leach.com",85.25760584,-97.76508147
356,"Jackson, Hansen and Edwards","60410 Matthew Landing
Johnmouth, TX 10107",4967233682,jackson_hansen_and_edwards@example.com,"http://jackson,-hansen-and-edwards.com",-70.78578765,-84.46201145
357,Fuller-Martinez,"6181 Frederick Path Apt. 584
East Faith, TN 13317",2750403717,fuller-martinez@example.com,http://fuller-martinez.com,37.31124016,-86.65061629
358,Humphrey LLC,"35463 Burgess Common Apt. 147
Lake John, NY 50531",3185124108,humphrey_llc@example.com,http://humphrey-llc.com,-47.58362834,-168.4978053
359,"Casey, Pacheco and Smith","04970 Peters Keys Apt. 083
New Marcus, MD 77106",5955052195,casey_pacheco_and_smith@example.com,"http://casey,-pacheco-and-smith.com",-53.77491774,-94.11836755
360,Daniels-Watkins,"3871 Anderson Motorway
Fordtown, MD 92285",5393901402,daniels-watkins@example.com,http://daniels-watkins.com,70.20286365,-132.0228199
361,Hansen-Brown,"432 Parker View Apt. 261
Costaland, PA 12407",3634831505,hansen-brown@example.com,http://hansen-brown.com,23.77280574,-12.18787302
362,Torres-Richardson,"7094 Mary Road
New Ronald, SD 62618",2360347200,torres-richardson@example.com,http://torres-richardson.com,-41.91648213,138.8084828
363,Coleman-Valencia,"778 Joel Union
Rojasberg, ND 36376",8209839211,coleman-valencia@example.com,http://coleman-valencia.com,-82.93400828,-46.77979822
364,Matthews Ltd,"019 Daniel Inlet Suite 696
South Nicholechester, IN 54020",5971159160,matthews_ltd@example.com,http://matthews-ltd.com,6.527855037,-21.9088834
365,Russell-Vaughn,"25265 Mcdonald Vista
Perezfort, IN 68775",2385376972,russell-vaughn@example.com,http://russell-vaughn.com,-8.868463194,85.87318524
366,Ramirez and Sons,"93141 Michael Pines Suite 133
Bradleyfurt, TX 23622",7306745345,ramirez_and_sons@example.com,http://ramirez-and-sons.com,45.25240496,28.83464919
367,"Cole, Sanchez and Reyes","24119 Ronald Extension
New Thomasmouth, AR 13110",6084048275,cole_sanchez_and_reyes@example.com,"http://cole,-sanchez-and-reyes.com",-47.79780329,9.47633877
368,Johnson-Jackson,"3068 Linda Fall
Ortegaland, AL 64563",6248048300,johnson-jackson@example.com,http://johnson-jackson.com,-10.51276517,-84.09271382
369,Reeves-Berry,"49792 Ross Rest
Port Christina, OK 97841",7834941157,reeves-berry@example.com,http://reeves-berry.com,45.63123839,-95.70861007
370,"West, Hughes and Sellers","346 Nelson Passage
East Lisabury, OR 41206",5740126073,west_hughes_and_sellers@example.com,"http://west,-hughes-and-sellers.com",-79.86976233,-95.59875801
371,"Mejia, Martinez and Smith","208 Rosario Pine Apt. 097
Seanborough, TN 83622",6403483130,mejia_martinez_and_smith@example.com,"http://mejia,-martinez-and-smith.com",-66.97817596,-24.30908175
372,Perry LLC,"PSC 7799, Box 3147
APO AE 82185",8268379990,perry_llc@example.com,http://perry-llc.com,-67.74621279,163.0665158
373,Smith Inc,"462 Gonzalez Points Suite 319
Lake Susanfort, AZ 87574",5537355346,smith_inc@example.com,http://smith-inc.com,-46.81528105,-65.96814954
374,"West, Harris and Patterson","296 Michael Cliffs Apt. 520
New Matthewport, IL 65601",5854151765,west_harris_and_patterson@example.com,"http://west,-harris-and-patterson.com",-21.03226806,145.0057061
375,Rodriguez and Sons,"18964 Jordan Pine
Lake Heather, MH 49999",2060336325,rodriguez_and_sons@example.com,http://rodriguez-and-sons.com,67.83575075,-67.3673639
376,Thomas-Jones,"6938 Elizabeth Hills
Lake Patrick, AL 40494",3524944899,thomas-jones@example.com,http://thomas-jones.com,42.27909499,-142.6120496
377,"Ramirez, Campbell and Brooks","238 Pruitt Fields
Donaldland, AR 85881",6596325433,ramirez_campbell_and_brooks@example.com,"http://ramirez,-campbell-and-brooks.com",-85.85765412,170.1868517
378,"Little, Pruitt and Holt","2347 Melissa Coves
Coryshire, NJ 83967",8373877765,little_pruitt_and_holt@example.com,"http://little,-pruitt-and-holt.com",-69.1988598,-84.88769252
379,Andrews and Sons,"5689 Jordan Highway
Armstrongport, AL 69917",1786198479,andrews_and_sons@example.com,http://andrews-and-sons.com,12.54183482,-128.9132367
380,Sosa PLC,"1992 Dana Burgs Apt. 442
North Ralph, NH 94525",9108186713,sosa_plc@example.com,http://sosa-plc.com,9.555016813,-122.445689
381,Chandler Inc,"31542 Barnes Stream Suite 747
North Bradleyfurt, MS 67058",3538736370,chandler_inc@example.com,http://chandler-inc.com,-49.34804457,-51.60965388
382,"Fry, Glenn and Brown","34608 Smith Vista Suite 352
West Valerieberg, AR 40229",9508841226,fry_glenn_and_brown@example.com,"http://fry,-glenn-and-brown.com",4.901919741,98.90278541
383,Sullivan Ltd,"673 Simmons Junctions Apt. 948
South Michaelborough, AL 20174",8561852592,sullivan_ltd@example.com,http://sullivan-ltd.com,0.238951574,114.6842833
384,"Hahn, Lopez and Taylor","939 Carroll Trafficway
Lake Charlesfort, FL 01450",6142396884,hahn_lopez_and_taylor@example.com,"http://hahn,-lopez-and-taylor.com",-48.61683571,-84.09756439
385,Hunt-Burnett,"12217 Moore Well Apt. 461
East Kenneth, PA 11811",1074026130,hunt-burnett@example.com,http://hunt-burnett.com,-85.59046114,5.577230284
386,"Russo, Gomez and Phillips","347 Amber Hill
North Miguel, ND 70027",3056104776,russo_gomez_and_phillips@example.com,"http://russo,-gomez-and-phillips.com",65.94272364,-103.1104111
387,"Gill, Monroe and Chapman","Unit 1399 Box 2197
DPO AA 43138",4400705741,gill_monroe_and_chapman@example.com,"http://gill,-monroe-and-chapman.com",45.88574,-16.80329278
388,Brown Group,"12041 Lopez Overpass
South Jeremytown, ID 52434",1872280202,brown_group@example.com,http://brown-group.com,30.58692377,133.4699501
389,"Lamb, Johnston and Romero","644 Williams Meadow
West Cynthiatown, GA 05894",9222110202,lamb_johnston_and_romero@example.com,"http://lamb,-johnston-and-romero.com",45.73636001,-149.6962911
390,"Johnson, Miller and Coleman","3426 Boyd Lane
Port Jason, KS 83050",9802270160,johnson_miller_and_coleman@example.com,"http://johnson,-miller-and-coleman.com",-23.133152,30.37342648
391,"Wall, Huff and Walker","318 David Lights
East Christian, NY 71984",1868396536,wall_huff_and_walker@example.com,"http://wall,-huff-and-walker.com",50.63229884,144.5617642
392,Thomas-Burgess,"872 Kathleen Dam Apt. 129
Colebury, AK 42551",7806794732,thomas-burgess@example.com,http://thomas-burgess.com,33.14695069,-18.25957379
393,"Chung, Riley and Santiago","2973 Jeffrey Coves
Johnsonside, IL 12455",1514645559,chung_riley_and_santiago@example.com,"http://chung,-riley-and-santiago.com",-4.262174749,-94.93248118
394,"Blackwell, Simmons and Rivera","9662 Tran Island Suite 075
Lake Frank, TN 19252",5569065707,blackwell_simmons_and_rivera@example.com,"http://blackwell,-simmons-and-rivera.com",26.45472723,13.92923155
395,"Espinoza, Perez and Clay","15636 Olson Walk Apt. 970
New Megan, NE 96688",3315939773,espinoza_perez_and_clay@example.com,"http://espinoza,-perez-and-clay.com",37.11810037,44.52403415
396,Hernandez Inc,"1108 Daniel Village
East Jasmineside, AS 71807",9381913446,hernandez_inc@example.com,http://hernandez-inc.com,-34.51785622,5.988485488
397,Woods-Hernandez,"952 Preston Islands
Shafferton, NY 31084",3094116429,woods-hernandez@example.com,http://woods-hernandez.com,-7.981794467,176.9260173
398,Bentley-Walker,"7929 Stacie Squares Suite 165
East Sabrina, AZ 76439",2794357817,bentley-walker@example.com,http://bentley-walker.com,-44.25867551,90.53366538
399,Jackson PLC,"144 Julia Loaf Apt. 584
Jessicaton, NJ 02630",6390114564,jackson_plc@example.com,http://jackson-plc.com,-42.02376217,-21.26260376
400,Hernandez-Charles,"30473 Davis Greens Apt. 894
Cranemouth, VI 61589",1470463974,hernandez-charles@example.com,http://hernandez-charles.com,-89.1213981,-171.2948482
401,"Ball, Hodge and Hale","02276 Terrence Island
Dorseyville, WI 68604",7765537451,ball_hodge_and_hale@example.com,"http://ball,-hodge-and-hale.com",79.18235353,11.81933301
402,Beard-Wood,"8716 Mike Turnpike
Tanyaview, AK 42440",4047693027,beard-wood@example.com,http://beard-wood.com,-72.72369272,90.14260372
403,"Lara, Miller and Beck","325 Kyle Estates Suite 948
Donaldsonstad, DE 41307",9102392755,lara_miller_and_beck@example.com,"http://lara,-miller-and-beck.com",57.5921615,167.9173205
404,Marshall PLC,"840 Vasquez Freeway Apt. 047
West Heatherfort, MI 33029",8781739170,marshall_plc@example.com,http://marshall-plc.com,0.988372345,-121.8374063
405,"Ball, Hughes and Brown","PSC 4391, Box 6738
APO AE 32549",8334004437,ball_hughes_and_brown@example.com,"http://ball,-hughes-and-brown.com",15.20315768,61.96242241
406,Dickerson and Sons,"Unit 5620 Box 7480
DPO AA 15872",7346624779,dickerson_and_sons@example.com,http://dickerson-and-sons.com,45.45606844,106.096605
407,Perez and Sons,"9624 Richard Lakes Apt. 221
North Melissashire, NY 65658",3556743794,perez_and_sons@example.com,http://perez-and-sons.com,87.05245723,43.7643501
408,Lucas-Adams,"1504 Sarah Forges
East Leslie, TN 54084",8907356256,lucas-adams@example.com,http://lucas-adams.com,-67.43925999,-153.07417
409,Elliott Group,"8498 Kathryn Points
Stevensview, WI 07386",4934322769,elliott_group@example.com,http://elliott-group.com,-33.71247758,153.804611
410,Richardson and Sons,"876 Julie Drive Suite 899
Stevensview, OH 03917",8081871150,richardson_and_sons@example.com,http://richardson-and-sons.com,20.76723829,3.488602298
411,"Good, Parker and White","PSC 5765, Box 4890
APO AP 28359",8587437621,good_parker_and_white@example.com,"http://good,-parker-and-white.com",15.16509023,48.90049011
412,"Hester, Williams and Huynh","738 Victoria Burg Suite 209
West Marietown, NC 27189",9951063325,hester_williams_and_huynh@example.com,"http://hester,-williams-and-huynh.com",17.83156357,75.91997919
413,Lucas-Crawford,"879 Small Mount Apt. 230
Spencertown, NE 98043",2264962198,lucas-crawford@example.com,http://lucas-crawford.com,41.82288625,21.15438075
414,Landry-Lucero,"4079 Jennifer Trail Apt. 479
Port Melanietown, PA 98926",2823338473,landry-lucero@example.com,http://landry-lucero.com,-89.37636063,14.51791868
415,"Dennis, Walton and Mcclain","PSC 9004, Box 5553
APO AA 86581",2769630658,dennis_walton_and_mcclain@example.com,"http://dennis,-walton-and-mcclain.com",-79.55696172,17.19523692
416,Nguyen Inc,"2810 Taylor Plaza Suite 158
Davidton, GU 13679",7974430093,nguyen_inc@example.com,http://nguyen-inc.com,-56.47056508,40.32373212
417,Miranda PLC,"82884 Jenny Parkways Suite 856
New Tinaport, LA 98700",1661984433,miranda_plc@example.com,http://miranda-plc.com,22.07801396,43.93647561
418,Clark LLC,"856 Johnson Place
Keithburgh, WY 20848",1414074226,clark_llc@example.com,http://clark-llc.com,-87.56622087,-169.9492235
419,"Tucker, Stephens and Smith","4940 Bradley Haven Apt. 581
South Joshuachester, CO 30911",1810944008,tucker_stephens_and_smith@example.com,"http://tucker,-stephens-and-smith.com",-82.77242069,-170.3794719
420,Adkins-Baker,"6405 Victor Forest Suite 380
North Diamondville, NE 03480",2731443992,adkins-baker@example.com,http://adkins-baker.com,-55.50152646,-148.8341108
421,Smith-Butler,"194 Hodge Point
East Michaelstad, NM 59867",8393290312,smith-butler@example.com,http://smith-butler.com,-71.59286,-69.85715041
422,"Patterson, Kennedy and Taylor","Unit 8928 Box 2796
DPO AE 97264",8253210143,patterson_kennedy_and_taylor@example.com,"http://patterson,-kennedy-and-taylor.com",21.74210702,-18.42861842
423,Carter-Massey,"9878 Taylor Dale
Judithton, MO 86320",9287573290,carter-massey@example.com,http://carter-massey.com,6.041749219,85.04996309
424,"Pearson, Meyer and Campbell","Unit 7886 Box 7911
DPO AE 79717",6097712052,pearson_meyer_and_campbell@example.com,"http://pearson,-meyer-and-campbell.com",27.23805347,-116.441659
425,"Brown, Pitts and Carroll","467 Zoe Walks Apt. 043
Maryville, VI 60834",2564592029,brown_pitts_and_carroll@example.com,"http://brown,-pitts-and-carroll.com",-30.84145618,69.03617683
426,Barker-Moore,"20970 Smith Viaduct
Nelsonberg, KS 45970",6082126808,barker-moore@example.com,http://barker-moore.com,89.49618252,-126.5254703
427,"Douglas, Rodriguez and Chang","994 Ann Oval Apt. 225
New Rileyhaven, HI 74834",6806583402,douglas_rodriguez_and_chang@example.com,"http://douglas,-rodriguez-and-chang.com",-1.956667686,12.679549
428,French and Sons,"915 Daniel Hill Suite 997
Willisberg, OK 27574",4489458904,french_and_sons@example.com,http://french-and-sons.com,53.57341164,112.0251318
429,Juarez-Jordan,"5603 Galvan Union Apt. 537
East Terrance, VI 99001",6229871804,juarez-jordan@example.com,http://juarez-jordan.com,3.988557268,-163.4734839
430,"Fuentes, Todd and Gomez","6063 Ramirez Lodge Apt. 134
East Jennifer, AL 43678",5648921041,fuentes_todd_and_gomez@example.com,"http://fuentes,-todd-and-gomez.com",41.57005144,79.5032399
431,Hall-Fischer,"4578 Robert Stravenue
West Gregory, AZ 23204",3232439958,hall-fischer@example.com,http://hall-fischer.com,79.66030175,95.04649512
432,Washington-Stephens,"508 Barbara Points
West Jeremiah, AS 48245",2241736633,washington-stephens@example.com,http://washington-stephens.com,22.26211618,-78.29291966
433,Gibbs Inc,"420 Mahoney Ports
Jordanhaven, DC 67785",1942308418,gibbs_inc@example.com,http://gibbs-inc.com,63.08739188,144.7912163
434,"Miles, Rodriguez and Rivera","2792 Sarah Land
South Bethport, NJ 32767",5873604134,miles_rodriguez_and_rivera@example.com,"http://miles,-rodriguez-and-rivera.com",-59.58802692,64.72012135
435,Harrison-Deleon,"2327 Taylor Shores
Port Jamie, NY 37410",6572581970,harrison-deleon@example.com,http://harrison-deleon.com,8.140244398,-146.5047566
436,"Brown, Hill and Reed","7708 Deborah Spurs
Port Tylerchester, NH 98670",7031390441,brown_hill_and_reed@example.com,"http://brown,-hill-and-reed.com",-36.51679314,110.3136576
437,Roman-Henderson,"30756 Torres Mills Apt. 480
Bradyfort, NM 02475",5957972286,roman-henderson@example.com,http://roman-henderson.com,-50.46055429,102.7286261
438,"Hopkins, Davis and Tran","1302 Charles Mills Suite 376
Port Veronicamouth, MO 31851",7287524051,hopkins_davis_and_tran@example.com,"http://hopkins,-davis-and-tran.com",-67.51732036,-72.44087855
439,Levine-Daniels,"90878 Thomas Trail Apt. 586
West Johnbury, VT 40155",2347574883,levine-daniels@example.com,http://levine-daniels.com,-81.91662928,88.19871874
440,Thompson Group,"Unit 5826 Box 8677
DPO AA 48661",9717377100,thompson_group@example.com,http://thompson-group.com,20.17589701,129.3288876
441,Jones LLC,"209 Rebecca Path Apt. 317
Jonesmouth, IA 82763",4523022529,jones_llc@example.com,http://jones-llc.com,-54.91222633,164.8160854
442,Wiley-Rodriguez,"8665 Vincent Street
Port Aliciaport, AS 09132",2169435694,wiley-rodriguez@example.com,http://wiley-rodriguez.com,-43.45813571,105.1185502
443,"Smith, Gallagher and Hart","7999 Johnson Ridges
East Amandafurt, NY 40702",1551503896,smith_gallagher_and_hart@example.com,"http://smith,-gallagher-and-hart.com",-87.77108539,112.7390724
444,Morales-Smith,"2481 Kathryn Extension
Leblancside, RI 22721",4014192009,morales-smith@example.com,http://morales-smith.com,-21.59273224,72.27595586
445,"Thompson, Boyer and Moore","09551 Hutchinson Court
North Jonathan, SD 94585",2915822837,thompson_boyer_and_moore@example.com,"http://thompson,-boyer-and-moore.com",75.47883727,31.51529174
446,Fowler LLC,"65045 John Cliffs Suite 269
Brianfurt, MP 50830",1364998997,fowler_llc@example.com,http://fowler-llc.com,52.62194479,-25.79323439
447,Simmons-Holden,"68932 Brown Springs
Welchhaven, SD 75470",8531815590,simmons-holden@example.com,http://simmons-holden.com,71.87784215,-9.131315934
448,Lambert-Matthews,"883 David Ferry Suite 104
Shawnborough, GA 10544",5174163411,lambert-matthews@example.com,http://lambert-matthews.com,10.66284966,-74.39518281
449,Burns-Preston,"9993 Jonathan Greens Suite 369
Patelfort, DE 92624",1099792431,burns-preston@example.com,http://burns-preston.com,58.41460864,-35.58363761
450,Craig-Gilbert,"7191 Smith Fork Apt. 726
Melissaview, HI 53950",7623037213,craig-gilbert@example.com,http://craig-gilbert.com,4.926451683,173.4517863
451,"Powers, Clark and Diaz","06549 Lane Summit Suite 453
North Roberttown, IL 31187",9582203520,powers_clark_and_diaz@example.com,"http://powers,-clark-and-diaz.com",52.56042408,-24.16181625
452,Graves Ltd,"2236 Michael Isle
Gillstad, PR 67608",1142249621,graves_ltd@example.com,http://graves-ltd.com,-62.08800522,-11.33765837
453,Horton-Ramirez,"711 Bennett Manors
Port Louismouth, NY 05455",8263027966,horton-ramirez@example.com,http://horton-ramirez.com,-16.28738292,105.1071036
454,"Robinson, House and Hayden","3117 Jeffrey Turnpike Suite 344
Hortonview, KY 19334",7314851597,robinson_house_and_hayden@example.com,"http://robinson,-house-and-hayden.com",-88.34741234,-118.6716269
455,"Bishop, Wright and Duncan","Unit 5765 Box 6369
DPO AE 47460",4678785608,bishop_wright_and_duncan@example.com,"http://bishop,-wright-and-duncan.com",75.04341942,-69.44282621
456,Mendoza-Rodriguez,"0429 John Cliffs
East Chris, AS 67477",8101000288,mendoza-rodriguez@example.com,http://mendoza-rodriguez.com,-48.64261638,81.18121282
457,Rodriguez-Schneider,"4048 Michele Bridge
Port Stevenland, AK 94974",9053397720,rodriguez-schneider@example.com,http://rodriguez-schneider.com,-3.898215062,-91.98487296
458,"Sherman, Hall and Rose","34173 Karina Village Apt. 297
Cohenton, AL 79560",6198701093,sherman_hall_and_rose@example.com,"http://sherman,-hall-and-rose.com",-12.47690468,-110.3646672
459,Powell Inc,"3125 Hernandez Course Apt. 839
East Jamesstad, IL 56893",1485497576,powell_inc@example.com,http://powell-inc.com,66.57922035,-175.4813439
460,Wilson-Floyd,"57246 Dyer Courts Suite 415
West Angela, VT 29282",7380602258,wilson-floyd@example.com,http://wilson-floyd.com,-74.05232384,62.37329059
461,"Ross, Davis and Morrison","PSC 0045, Box 8045
APO AE 69502",8854772572,ross_davis_and_morrison@example.com,"http://ross,-davis-and-morrison.com",48.3233781,112.7712132
462,Bailey LLC,"5402 Rice Cliff Suite 162
Blackville, NE 06285",4146216618,bailey_llc@example.com,http://bailey-llc.com,-47.25275844,-41.40767825
463,Taylor Ltd,"91385 Paul Terrace
Lake Christinafurt, IN 89102",1284241721,taylor_ltd@example.com,http://taylor-ltd.com,-16.23942329,72.40888517
464,Acosta-Quinn,"90135 Andrew Burgs
Port Jessicafort, DE 66131",1410884527,acosta-quinn@example.com,http://acosta-quinn.com,26.26698111,21.47639792
465,Hall Inc,"65976 Loretta Street Apt. 769
Lake Sierra, MH 79417",2512539360,hall_inc@example.com,http://hall-inc.com,14.57658401,25.48393049
466,"Hooper, Boyd and Stevenson","679 Jordan Green
East Veronicatown, NV 02159",4578056420,hooper_boyd_and_stevenson@example.com,"http://hooper,-boyd-and-stevenson.com",51.99919663,-34.30959757
467,"Wong, Baker and Guerrero","902 Todd Trail
New Jackieport, WY 87343",8071598189,wong_baker_and_guerrero@example.com,"http://wong,-baker-and-guerrero.com",-70.36921088,131.2472013
468,Cummings-Steele,"132 Samuel Forks
Williamport, NY 01192",7204528867,cummings-steele@example.com,http://cummings-steele.com,77.72859518,-56.68650068
469,"Jones, Hunter and Middleton","27523 Delgado Trail
Anafort, VT 89084",2675510423,jones_hunter_and_middleton@example.com,"http://jones,-hunter-and-middleton.com",-73.61322859,46.33526233
470,Jennings Group,"380 Sandra Estate Apt. 430
Johntown, FM 98720",6207338531,jennings_group@example.com,http://jennings-group.com,83.25219628,12.27286959
471,Gibson-Bond,"655 Stevens Lake
Christopherchester, ME 87521",6986558843,gibson-bond@example.com,http://gibson-bond.com,36.4577273,121.9659977
472,"Thomas, Miller and Weeks","77527 William Ramp
Port Carlachester, MH 65040",4194284891,thomas_miller_and_weeks@example.com,"http://thomas,-miller-and-weeks.com",-54.32176449,-179.8503849
473,"Perez, Nash and Avery","22328 Webb Flat Apt. 439
Whiteshire, PW 61026",7463153913,perez_nash_and_avery@example.com,"http://perez,-nash-and-avery.com",40.63393901,-91.15182595
474,"Taylor, Manning and Mills","7803 Nichole Ramp
North Amymouth, VI 11998",4988336624,taylor_manning_and_mills@example.com,"http://taylor,-manning-and-mills.com",21.86496765,17.3779072
475,"Williams, Martin and Bell","5144 Mosley Isle Apt. 301
East Ericaview, DE 99605",9575143393,williams_martin_and_bell@example.com,"http://williams,-martin-and-bell.com",49.04041261,124.3183793
476,Davenport-Chung,"6599 Sanford Run Suite 517
New Jamesbury, MT 36035",3127997835,davenport-chung@example.com,http://davenport-chung.com,27.53585906,-36.42368068
477,Simon-Murphy,"839 Dustin Forge Suite 347
South Jamesport, VA 50485",2037638324,simon-murphy@example.com,http://simon-murphy.com,30.65679022,-87.66198584
478,French-Green,"9069 Jimenez Coves
West Jamesstad, CT 30044",8266962477,french-green@example.com,http://french-green.com,59.62003506,24.88442058
479,Knight-Hicks,"USNS Garcia
FPO AE 97182",4340247091,knight-hicks@example.com,http://knight-hicks.com,-65.16007559,126.9780675
480,Howell Ltd,"14470 Payne Brooks
Torresfort, DE 46863",5906428708,howell_ltd@example.com,http://howell-ltd.com,27.03473404,-42.82225489
481,Walker-Pope,"0392 Mckee Highway Apt. 672
West Timothystad, PW 28991",7070150750,walker-pope@example.com,http://walker-pope.com,29.85310538,31.78473321
482,Delgado LLC,"990 Steven Circles Apt. 115
Harperfurt, AR 80463",1275379308,delgado_llc@example.com,http://delgado-llc.com,0.977557211,-90.56033514
483,Ramirez-Robinson,"34496 Moore Cliffs Suite 305
North Rebecca, OR 52610",6445261786,ramirez-robinson@example.com,http://ramirez-robinson.com,51.59091474,36.75991694
484,"Mcguire, Hall and Myers","5134 Shawn Expressway Apt. 422
Port Kenneth, CO 32570",9341063651,mcguire_hall_and_myers@example.com,"http://mcguire,-hall-and-myers.com",-22.08257821,107.5075679
485,"Bradley, Carrillo and Hardy","0980 Green Street
Kirkfurt, AK 90440",7163370850,bradley_carrillo_and_hardy@example.com,"http://bradley,-carrillo-and-hardy.com",-40.05164038,-156.2726992
486,Odom-Dickerson,"377 Ruiz Union
Schultzfort, NV 58001",4748938216,odom-dickerson@example.com,http://odom-dickerson.com,60.00592521,-40.16925624
487,"Lozano, Clark and Jacobs","40345 Michael Garden Apt. 639
North Bonnie, AL 28745",6866716682,lozano_clark_and_jacobs@example.com,"http://lozano,-clark-and-jacobs.com",59.01812497,25.70492215
488,"Aguilar, Soto and Martin","459 Jessica Roads Suite 750
North Brandonview, MT 51131",2835355156,aguilar_soto_and_martin@example.com,"http://aguilar,-soto-and-martin.com",24.43434779,-104.7125675
489,Russell Inc,"09834 John Shores
Joshuaville, MI 59180",3423523324,russell_inc@example.com,http://russell-inc.com,-84.27689834,-160.4527564
490,Miles-Sanchez,"70417 Anthony Lights Suite 881
North Jodimouth, KS 39162",4557556744,miles-sanchez@example.com,http://miles-sanchez.com,-19.03100387,122.3460185
491,"White, Griffith and Solis","9604 Sherry Circles
Lake Theresa, OR 51697",8215379108,white_griffith_and_solis@example.com,"http://white,-griffith-and-solis.com",11.99845339,-53.41484464
492,Craig-Livingston,"183 Derek Lakes Suite 678
Lake Tony, UT 78555",3212773652,craig-livingston@example.com,http://craig-livingston.com,-71.18442374,21.37972324
493,Gonzalez-Jackson,"USCGC Dixon
FPO AA 24623",3664233651,gonzalez-jackson@example.com,http://gonzalez-jackson.com,-43.54262155,117.9399172
494,Daugherty Group,"USCGC Peters
FPO AA 16934",3996573046,daugherty_group@example.com,http://daugherty-group.com,-76.66363545,172.4762817
495,Mcdowell Ltd,"5014 Clark Roads Suite 604
North Michaelside, HI 51027",4297793501,mcdowell_ltd@example.com,http://mcdowell-ltd.com,-77.79509231,38.3742491
496,Strickland-Santos,"030 Aaron Isle Apt. 497
Ricardoton, FM 57509",5598165345,strickland-santos@example.com,http://strickland-santos.com,47.98289027,-131.5384004
497,Rodriguez LLC,"647 Keith Ridge
Port Bradleyside, AZ 89295",9798384209,rodriguez_llc@example.com,http://rodriguez-llc.com,73.53467734,-140.8188625
498,Jackson-Davis,"594 Lisa Stravenue
West Michaelburgh, DE 18827",7663184217,jackson-davis@example.com,http://jackson-davis.com,-61.46923989,-87.023049
499,Jones-Robinson,"839 Penny Knolls Apt. 418
Copelandton, NY 11378",5678330567,jones-robinson@example.com,http://jones-robinson.com,-88.16774354,61.4699745
500,Sharp-Barnes,"035 Benson Knoll Suite 279
Waltonburgh, AL 70411",1196070949,sharp-barnes@example.com,http://sharp-barnes.com,-74.72234494,-174.2637872
